{"CaseNumber":"C-18-00445-A","CourtCaseType":"Felony - Filed by Indictment","FilingDate":"01/15/2015","Jurisdiction":"188th District Court","JudgeName":"Daffy, Duck","Defendants":[{"NameRaw":"Woods, Tom A.","Race":"White","DOBRaw":" 04/27/1977","Height":"6' 4\"","Weight":" 215 lbs","Charges":[{"CountNumber":"1.","StatuteDescription":"POSS CS PG 1 <1G","Statute":"481.115(b)","ChargeDegree":"State Jail","ChargeLevel":"Felony","OffenseDate":"12/02/2014","DispositionDate":"03/07/2017","DispositionDetail":"Terminated Probation"}]}],"FeesOwed":"0.00","FeesPaid":"0.00","FeesDue":"0.00"}